Prompt,Response,Skill,Follow-Up Question,Tip 1,Tip 2,Tip 3
"I feel nervous about public speaking.","That's a common feeling! Start by practicing in front of a mirror or with friends. Have you tried any breathing techniques to calm your nerves?",Public Speaking,"What do you think makes you most nervous about speaking in front of others?","Practice daily with short speeches.","Record and listen to yourself to identify areas of improvement.","Engage in group discussions to become comfortable speaking to an audience."
"How can I be more confident in social situations?","Confidence builds with practice. Start with small interactions, like saying hello to a neighbor, and work your way up to longer conversations. How do you currently approach social settings?",Confidence,"Would you like to practice a specific scenario together?","Start with a smile and open body language.","Ask open-ended questions to keep the conversation flowing.","Focus on listening to others instead of worrying about yourself."
"I'm stuck trying to solve a difficult problem at work.","Let's break it down step by step. What part of the problem feels the most overwhelming to you? Start small and work toward a solution.",Problem Solving,"What outcome are you hoping to achieve from solving this problem?","Identify and clearly define the problem.","Brainstorm multiple solutions without judgment.","Use logic trees or flowcharts to break down complex issues."
"How do I improve my articulation when speaking?","Recording yourself speaking and practicing with clear enunciation is a great start. Slow down your speech and focus on each word. Would you like me to guide you through some exercises?",Public Speaking,"Is there a specific word or phrase you struggle to pronounce?","Practice tongue twisters for better clarity.","Speak slower and focus on individual syllables.","Join a speech or debate club for regular practice."
"I freeze up during presentations. What should I do?","It's okay to feel that way. Start by rehearsing your presentation multiple times to build familiarity. Also, try grounding yourself by focusing on a friendly face in the audience.",Public Speaking,"Have you tried practicing with a small, supportive group first?","Prepare cue cards to reduce reliance on memory.","Practice in front of trusted friends for feedback.","Focus on your breathing to stay calm and grounded."
"I feel like I'm not good at solving problems.",Problem-solving is a skill that improves with practice. Start by identifying the core issue and brainstorming a few potential solutions. Can you describe a recent problem you faced?",Problem Solving,"What steps did you try when you last faced a similar issue?","Keep a journal of problems and solutions for reference.","Use the 5 Whys technique to find the root cause.","Collaborate with others to gain different perspectives."
"How can I handle criticism better?","Criticism can be tough, but it's also an opportunity to grow. Take a moment to process the feedback, and ask yourself if it's constructive. How do you typically respond to criticism?",Confidence,"Do you want help framing a response to feedback you’ve received?","Pause before reacting to criticism.","Separate the feedback from your self-worth.","Use criticism to create actionable improvement goals."
"I get overwhelmed with too many tasks. How can I manage my time better?","Prioritizing tasks is key. Start by listing everything you need to do and rank them by urgency. Would you like me to help you create a plan?",Time Management,"What tasks are currently taking up the most time?","Use the Eisenhower Matrix to prioritize tasks.","Set clear deadlines for each task.","Break tasks into smaller, manageable steps."
"How do I build rapport with an audience during a presentation?","Engage your audience by making eye contact, sharing a personal story, or asking rhetorical questions. Have you thought about what your audience cares about most?",Public Speaking,"Would you like me to help craft a specific opening for your presentation?","Start with a compelling story or fact.","Maintain consistent eye contact.","Encourage audience participation with questions."
"I don’t know how to start a conversation with strangers.","Start with a simple comment about your surroundings or a friendly compliment. People usually respond well to genuine interest. Can you think of a situation where you'd like to start a conversation?",Confidence,"Would you like to role-play starting a conversation?","Use observations about your environment to initiate a chat.","Compliment something genuine about the person.","Prepare general conversation starters in advance."
"I feel like I can't stay calm under pressure.","Taking slow, deep breaths and focusing on what you can control can help. Do you want to practice a quick breathing exercise together?",Stress Management,"What types of situations make you feel most pressured?","Practice mindfulness or meditation daily.","Focus on breaking tasks into manageable pieces.","Prepare for stressful scenarios with contingency plans."
"How do I stay motivated after facing setbacks?","Setbacks are part of growth. Remind yourself of your long-term goals, and celebrate small victories along the way. Can you share a recent setback you'd like to work through?",Resilience,"What’s one thing you learned from that experience?","Celebrate progress, even small wins.","Keep a journal of positive outcomes from past setbacks.","Surround yourself with supportive and motivating individuals."
"How can I practice thinking creatively?","Challenge assumptions by asking 'what if' questions or try brainstorming in a new environment. Would you like me to suggest a creative exercise?",Creativity,"What type of creative problem are you trying to solve right now?","Engage in activities like drawing or writing regularly.","Explore different environments to spark new ideas.","Collaborate with diverse groups to expand your perspective."
"I get too nervous to answer questions during meetings.","Prepare by reviewing possible topics ahead of time and practicing responses. If you don't know an answer, it's okay to say you'll follow up. Do you feel prepared for the meetings?",Confidence,"Would you like to role-play answering a typical question?","Prepare notes for potential questions beforehand.","Rehearse answers with a trusted colleague or friend.","Learn to comfortably say, 'Let me get back to you on that.'"
"How can I become better at negotiation?","Start by understanding the other person's needs and finding common ground. Practice active listening and offer win-win solutions. Have you tried role-playing negotiation scenarios?",Negotiation,"What situation do you want to negotiate more effectively in?","Research and understand the other party’s perspective.","Practice framing proposals with mutual benefits.","Stay calm and confident during discussions."
"I want to improve my teamwork skills.","Great teamwork involves clear communication, active listening, and supporting your teammates. Have you worked on collaborative projects before?",Teamwork,"What do you think is the biggest challenge in working with a team?","Communicate openly and clearly with your team.","Offer to take on tasks that help the group succeed.","Practice resolving conflicts in a constructive manner."
"How can I become a better leader?","Leadership starts with empathy and vision. Inspire others by setting a good example and being open to feedback. What kind of leader do you want to be?",Leadership,"Can you share a leadership challenge you’ve faced?","Set clear goals and expectations for your team.","Encourage and recognize contributions from others.","Develop problem-solving skills to guide your team effectively."
"How can I manage conflict better?","Managing conflict starts with staying calm and understanding both sides. Focus on finding a solution instead of assigning blame. Do you want to role-play a conflict resolution scenario?",Conflict Management,"What kind of conflicts are you struggling with?","Listen actively and acknowledge other perspectives.","Focus on solving the problem, not attacking the person.","Set boundaries and communicate assertively."
"I want to become more organized.","Being organized starts with decluttering your space and setting priorities. Have you tried creating a to-do list or using organizational tools?",Organization,"What area of your life feels the most disorganized?","Use a planner or digital calendar to track tasks.","Set aside time each week to organize your space.","Break big projects into smaller, manageable steps."
"How can I improve my writing skills?","Good writing comes with practice. Start by outlining your ideas before writing and revising your drafts. Would you like to share a piece you're working on?",Writing,"What kind of writing do you want to improve?", "Write daily, even if it's just a paragraph.","Read books or articles in the style you want to master.","Edit your work to improve clarity and structure."
"I want to make better decisions.","Decision-making improves with practice. Start by weighing the pros and cons and considering potential outcomes. What decision are you struggling with?",Decision-Making,"What factors make decision-making difficult for you?","Break big decisions into smaller steps.","Gather all relevant information before deciding.","Evaluate possible outcomes for each option."
"How can I improve my networking skills?","Networking is about building genuine connections. Start by attending events and introducing yourself to new people. Have you tried practicing a short introduction?",Networking,"What kind of connections are you looking to build?","Prepare a short introduction about yourself.","Ask open-ended questions to engage others.","Follow up with people you meet to maintain connections."
"How can I become better at time management?","Time management starts with prioritizing tasks and setting deadlines. Have you tried scheduling your day in advance?",Time Management,"What are the biggest time-wasters in your day?","Start your day by planning tasks in order of importance.","Use tools like timers or apps to track productivity.","Set realistic deadlines and stick to them."
"How can I improve my adaptability?","Adaptability grows by embracing change and staying open-minded. Have you faced a recent situation where you needed to adapt?",Adaptability,"What kind of change do you find most challenging?","Take on new challenges to step out of your comfort zone.","Learn to see changes as opportunities for growth.","Stay calm and focus on solutions when unexpected things happen."
"How can I negotiate a raise at work?",Prepare by showing your accomplishments and how they’ve benefited the company. Would you like help creating a case for your raise?,Negotiation,What do you think makes this negotiation difficult?,Know your value and have evidence to back it up.,Practice your pitch with a friend or mentor.,Focus on mutual benefits during the conversation.
"How do I negotiate a deadline extension?",Explain your reasoning calmly, and suggest a new, realistic timeline. Would you like to role-play how to bring it up?,Negotiation,What's the current deadline and what are the obstacles?,Be honest about your challenges.,Offer solutions, not just problems.,Show that you are committed to meeting the new deadline.
"How do I negotiate better deals with clients?",Start by understanding their needs and find a win-win solution. Would you like to brainstorm a negotiation strategy?,Negotiation,What type of deals are you negotiating?,Learn as much as you can about your client’s goals.,Keep your tone positive and collaborative.,Set clear terms and follow up to confirm agreements.
"How do I handle tough negotiators?",Stay calm, stick to your priorities, and be willing to walk away if the terms don’t meet your needs. Would you like tips on managing difficult people?,Negotiation,What makes a negotiator difficult for you?,Stay patient and don’t react emotionally.,Use silence to your advantage during tough moments.,Make sure both parties feel heard and respected.
"How do I prepare for a salary negotiation?",Research the average salary for your position and be ready to present your qualifications. Would you like to practice your response?,Negotiation,Do you know what salary you’re aiming for?,Prepare a clear, compelling case for why you deserve more.,Be ready to discuss non-salary benefits as well.,Don’t accept the first offer—negotiate for the best deal.
"How do I reduce my fear of public speaking?","Start with small audiences and work your way up. Would you like suggestions on beginner-friendly speaking groups?",Public Speaking,"What do you think causes your fear?",Focus on your audience, not yourself.,Practice regularly, even in low-stakes settings.,Use visualization techniques before speaking.
"How can I stop stammering during speeches?","Slow down your pace and practice breathing techniques. Would you like a guided exercise to try now?",Public Speaking,"Do you feel more nervous with certain topics?",Record your practice sessions for review.,Break your speech into smaller, manageable parts.,Pause when needed to collect your thoughts.
"How do I make my presentations more engaging?","Use stories, visuals, and questions to keep your audience interested. Would you like help developing slides?",Public Speaking,"What kind of audience will you be addressing?",Use visuals that support your points.,Add a strong opening and closing statement.,Make eye contact with your audience.
"How can I stop relying on notes during presentations?","Start by reducing your notes to keywords, then practice until you feel confident. Do you want to work on a script?",Public Speaking,"What part of your speech do you find hardest to remember?",Use flashcards with only key points.,Practice using only prompts as memory aids.,Focus on rehearsing transitions between topics.
"How can I project my voice better in a large room?","Practice diaphragmatic breathing to improve volume without straining. Would you like me to guide you through an exercise?",Public Speaking,"Have you received feedback on your volume before?",Stand up straight to allow proper airflow.,Practice speaking in a louder environment.,Use pauses to regain control of your voice.
"How do I appear more confident in meetings?","Sit up straight, maintain eye contact, and speak clearly. Do you feel prepared before meetings?",Confidence,"What aspect of meetings do you find challenging?",Prepare talking points in advance.	Speak slowly and with intention.	Avoid over-apologizing for your input.
"How do I boost my confidence after a setback?","Reflect on your past successes and what you learned from the setback. Would you like to identify steps for moving forward?",Confidence,"What do you think caused the setback?",Focus on lessons rather than failures.	Celebrate small achievements daily.	Surround yourself with positive influences.
"How do I avoid comparing myself to others?","Focus on your own growth by setting personal goals. Have you tried keeping a journal of your progress?",Confidence,"What usually triggers the comparison?",Limit time on social media if it affects you.	Practice gratitude for what you have.	Remind yourself of your unique strengths.
"How do I stay confident in high-pressure situations?","Prepare as much as possible and use stress-reduction techniques like deep breathing. Would you like help practicing a scenario?",Confidence,"What situations feel most pressuring to you?",Plan ahead to reduce uncertainty.	Focus on one task at a time.	Remember that mistakes are learning opportunities.
"How do I confidently introduce myself to others?","Prepare a short, friendly introduction and practice it. Would you like to try it with me?",Confidence,"What setting makes you most nervous about introductions?",Use a confident handshake and smile.	Practice in front of a mirror.	Focus on making the other person feel comfortable.
"How do I approach a complex problem at work?","Break it into smaller parts and tackle each step individually. Would you like me to help outline the steps?",Problem Solving,"What part of the problem feels most overwhelming?",Use the 80/20 rule to identify key issues.	Create a visual map of the problem.	Involve team members for fresh perspectives.
"How do I make decisions faster without overthinking?","Set a time limit for your decision-making process and trust your instincts. Can you share a recent example where you overthought?",Problem Solving,"What makes you hesitate when deciding?",Focus on the bigger picture.	Limit the number of options you consider.	Learn from each decision to refine your process.
"How do I brainstorm creative solutions?","Try free writing or mind mapping to generate ideas without judgment. Would you like me to guide you through a session?",Problem Solving,"What area do you feel stuck in?",Challenge assumptions with ‘what if’ scenarios.	Change your environment to spark creativity.	Collaborate with others for fresh perspectives.
"How can I stay calm when solving urgent problems?","Focus on the most immediate need and take slow, deliberate actions. Do you want help prioritizing your tasks?",Problem Solving,"What types of situations make you panic?",Use breathing exercises to stay calm.	Keep a list of action steps for emergencies.	Focus on controlling what you can.
"How do I learn from mistakes in problem-solving?","Reflect on what went wrong and what you can change next time. Have you tried writing down lessons learned?",Problem Solving,"Can you think of a specific mistake you want to analyze?",Keep a journal to track lessons.	Identify patterns in recurring mistakes.	Seek feedback from others for new insights.
"How can I become more productive with my time?","Try the Pomodoro technique—work in focused intervals with short breaks. Would you like to try it now?",Time Management,"What tasks do you often get distracted from?",Set clear goals for each work session.	Use a timer to track your work intervals.	Eliminate distractions during focus time.
"How do I avoid procrastination?","Break tasks into smaller chunks and tackle them one by one. Would you like to brainstorm how to start your next task?",Time Management,"What task do you find most daunting?",Start with the easiest part of a task.	Use positive reinforcement after completing tasks.	Track your progress to stay motivated.
"How can I balance my work and personal life better?","Set clear boundaries for work hours and make time for breaks. Do you have a daily routine in place?",Time Management,"What areas of your life feel out of balance?",Use a calendar to track work and personal commitments.	Prioritize tasks using the Eisenhower Matrix.	Schedule ‘me-time’ just like work appointments.
"How do I make the most of my day?","Start with the most important tasks and tackle them early in the day. Would you like help creating a daily schedule?",Time Management,"What’s your current morning routine?",Set daily priorities the night before.	Break tasks into manageable time blocks.	Track your time for a week to identify inefficiencies.
"How do I avoid burnout when managing multiple tasks?","Take regular breaks and delegate tasks when possible. Would you like to explore how to delegate more effectively?",Time Management,"What tasks are overwhelming you right now?",Prioritize self-care and rest.	Use task management apps to stay organized.	Limit multitasking to stay focused.
"How do I improve my communication skills at work?","Be clear and concise, and actively listen. Would you like help practicing how to convey your ideas more effectively?",Communication,"What part of communication do you find hardest?",Use active listening techniques like nodding.	Practice paraphrasing to ensure understanding.	Be mindful of your body language during interactions.
"How can I be more persuasive in conversations?","Use logic and emotion, and back up your points with evidence. Would you like to practice making a persuasive argument?",Communication,"What situation do you find difficult to persuade in?",Speak with confidence and conviction.	Use ‘I’ statements to express your perspective.	Understand the needs of your audience.
"How can I improve my written communication?","Start by outlining your ideas clearly before writing. Would you like to share a piece of writing you’re working on?",Communication,"What kind of writing do you want to improve?",Keep sentences short and to the point.	Review your writing for clarity and grammar.	Use bullet points or lists for easy readability.
"How can I handle difficult conversations better?","Stay calm, listen actively, and ask open-ended questions to understand the other person’s point of view. Would you like to practice?",Communication,"What conversations tend to be the most challenging for you?",Focus on solutions rather than blame.	Keep your emotions in check and stay objective.	Use open-ended questions to encourage dialogue.
"How do I speak more clearly?","Slow down your speech and articulate each word. Would you like help with some vocal exercises?",Communication,"Do you struggle with certain words or phrases?",Practice tongue twisters to improve diction.	Record yourself speaking to identify areas of improvement.	Focus on enunciating vowels clearly.
"How do I stay calm when I’m feeling overwhelmed?","Take a few deep breaths and focus on what you can control. Would you like to try a breathing exercise now?",Stress Management,"What situation tends to overwhelm you most?",Practice mindfulness or meditation daily.	Break tasks into smaller steps to reduce stress.	Take short breaks throughout the day to reset.
"How do I manage work-related stress?","Set boundaries, prioritize tasks, and take breaks regularly. Would you like help with prioritizing your current workload?",Stress Management,"Do you have a regular routine for work tasks?",Use deep breathing when feeling stressed.	Delegate tasks when possible to lighten your load.	Avoid multitasking to reduce stress.
"How can I avoid stress before a big event?","Prepare ahead of time, and focus on the outcome you want to achieve. Would you like to discuss your preparation strategy?",Stress Management,"What type of event are you preparing for?",Visualize a positive outcome.	Rehearse what you plan to say or do ahead of time.	Keep a checklist to stay organized and calm.
"How do I stay calm during meetings?","Practice relaxation techniques before the meeting and focus on your breathing. Would you like a quick breathing exercise?",Stress Management,"What part of meetings makes you most anxious?",Use visualization techniques to relax.	Maintain a positive mindset and focus on solutions.	Remind yourself that mistakes are okay.
"How do I reduce stress in my personal life?","Identify stressors and address them one at a time. Would you like to discuss how to prioritize personal goals?",Stress Management,"What areas of your personal life cause stress?",Prioritize self-care activities.	Break personal tasks into manageable steps.	Set boundaries to protect your personal time.
“How can I start networking in a new industry?”, “Attend industry events and reach out to people in positions you’d like to be in. Would you like suggestions for networking events?”, Networking, “What industry are you interested in?”, Start with online forums and social media groups., Offer help to others without expecting immediate returns., Follow up after meetings with a personalized message.
“How do I network effectively at conferences?”, “Introduce yourself and ask thoughtful questions. Focus on building genuine relationships, not just collecting business cards. Would you like help preparing for an event?”, Networking, “What type of conferences are you attending?”, Practice your introduction beforehand., Follow up with people you meet to keep the conversation going., Focus on quality connections, not quantity.
“How can I network with busy people?”, “Be concise and respectful of their time. Offer value in your initial interactions. Would you like me to help you craft an elevator pitch?”, Networking, “Who are the people you want to connect with?”, Keep your communication short and to the point., Schedule a brief follow-up to continue the conversation., Offer to help them with something they care about.
“How do I maintain a strong professional network?”, “Stay in touch regularly, even if it’s just a quick message to check in. Would you like help creating a follow-up strategy?”, Networking, “How often do you currently engage with your network?”, Offer valuable content or insights to your network., Keep the relationship reciprocal by offering help., Use social media to stay connected with your network.
“How can I network online?”, “Engage in LinkedIn groups, comment on posts, and message people you find interesting. Would you like to work on your LinkedIn profile?”, Networking, “What online platforms are you currently using for networking?”, Keep your LinkedIn profile updated and professional., Participate in relevant discussions and add value., Build relationships over time, don’t just ask for favors right away.
“How do I deal with conflict in the workplace?”, “Listen to the other person’s point of view, stay calm, and focus on a solution. Would you like to role-play a scenario?”, Conflict Management, “What’s the nature of the conflict you’re facing?”, Address the issue directly with the person involved., Avoid raising your voice or making accusations., Find a compromise where both parties feel heard.
“How can I manage conflict with a team member?”, “Set up a private meeting to talk through the issue. Make sure both sides understand each other’s concerns. Would you like a script for the conversation?”, Conflict Management, “How do you usually approach conflict resolution?”, Use ‘I’ statements to express how you feel., Focus on the issue, not the person involved., Offer solutions instead of focusing on the problem.
“How can I prevent conflicts from escalating?”, “Address issues early before they grow. Listen carefully and stay objective. Would you like tips for de-escalating conflict?”, Conflict Management, “What tends to escalate the conflicts you face?”, Be mindful of body language during tense conversations., Take a step back to cool down if you start feeling defensive., Always strive to understand the other person’s perspective.
“How do I manage conflicts in a group setting?”, “Encourage open communication and ensure that everyone feels heard. Would you like tips on creating a conflict-free group environment?”, Conflict Management, “What type of group conflicts have you encountered?”, Set clear expectations and boundaries for group behavior., Mediate between conflicting parties in a neutral way., Foster a collaborative environment to solve problems together.
“How can I manage personal conflicts with friends?”, “Have an honest conversation, and be clear about your feelings. Would you like to discuss what you can say to your friend?”, Conflict Management, “What’s the root of the conflict with your friend?”, Be honest but gentle with your words., Listen to their side of the story., Focus on preserving the relationship, not winning the argument.
“How can I better understand my emotions?”, “Start by paying attention to how you feel throughout the day and identifying what triggers those emotions. Would you like to try journaling your feelings?”, Emotional Intelligence, “What emotions do you struggle with understanding?”, Practice mindfulness to tune into your emotions., Use a journal to track your emotional patterns., Ask yourself what caused the emotion before reacting.
“How can I handle my emotions in difficult situations?”, “Pause and take a moment to reflect before reacting. Breathing exercises can help. Would you like to practice a quick technique?”, Emotional Intelligence, “What situation are you currently facing?”, Focus on deep breathing to regain composure., Ask yourself what the best response is in the moment., Try to separate the emotional response from the situation.
“How do I respond better to others’ emotions?”, “Listen actively and show empathy. Acknowledge their feelings and validate them. Would you like tips on how to empathize with others?”, Emotional Intelligence, “How do you currently respond to others’ emotions?”, Use reflective listening to show you understand., Put yourself in their shoes to feel their emotions., Ask open-ended questions to deepen your understanding.
“How do I express my emotions in a healthy way?”, “Start by identifying your emotions and then expressing them calmly and clearly. Would you like help practicing this?”, Emotional Intelligence, “What emotions do you find hardest to express?”, Use ‘I feel’ statements to communicate without blame., Express your feelings as soon as they arise., Practice sharing your emotions with a trusted friend.
“How do I improve my emotional resilience?”, “Build emotional resilience by reframing challenges and focusing on solutions. Would you like tips on shifting your mindset?”, Emotional Intelligence, “What challenges make you feel emotionally drained?”, Focus on what you can control in difficult situations., Practice self-care to recharge emotionally., Surround yourself with positive and supportive people.
“How can I be a better team player?”, “Listen actively, communicate clearly, and support your teammates. Would you like to explore specific scenarios where teamwork is needed?”, Teamwork, “What are some challenges you face when working in teams?”, Be open to feedback from others., Offer help to teammates when needed., Recognize and celebrate the achievements of others.
“How do I resolve conflicts within a team?”, “Stay neutral, listen to all sides, and focus on finding a win-win solution. Would you like to practice mediating a team conflict?”, Teamwork, “Have you had to mediate a conflict before?”, Encourage open dialogue and active listening., Stay calm and avoid taking sides., Offer solutions that benefit the team as a whole.
“How can I motivate my team?”, “Set clear goals, recognize their strengths, and celebrate successes. Would you like to learn how to motivate specific team members?”, Teamwork, “What motivates your team members?”, Lead by example and set a positive tone., Encourage collaboration and shared responsibility., Be consistent in your praise and recognition.
“How do I contribute effectively in group projects?”, “Be proactive in offering ideas and dividing tasks. Would you like help organizing the next project?”, Teamwork, “How do you usually divide tasks in group work?”, Take ownership of your responsibilities., Communicate your progress regularly to the team., Ensure everyone has a clear understanding of their role.
“How do I build trust with my team?”, “Be reliable, communicate transparently, and show respect for others. Would you like tips on how to establish trust quickly?”, Teamwork, “What trust issues have you experienced in teams?”, Follow through on commitments and deadlines., Be open and honest in all communications., Lead with empathy and support your teammates.
“How do I motivate my team as a leader?”, “Inspire them with a clear vision, recognize their efforts, and empower them to take ownership. Would you like specific examples of motivation?”, Leadership, “What motivates you as a leader?”, Lead by example and show your passion. Be transparent and communicate openly. Offer opportunities for team members to grow and take on leadership roles.
“How can I develop my leadership skills?”, “Start by focusing on self-awareness, building emotional intelligence, and learning from others. Would you like to identify areas for growth?”, Leadership, “What leadership skills do you admire in others?”, Seek feedback from your team on your leadership style. Set clear goals for both personal and team growth. Learn from both successes and failures.
“How can I handle difficult decisions as a leader?”, “Stay calm, gather all the facts, and involve your team in the decision-making process. Would you like guidance on a specific decision?”, Leadership, “What difficult decisions are you facing right now?”, Consider all perspectives before making a decision. Use data and evidence to guide your choices. Stay confident in your decision, even if it’s tough.
“How can I create a positive team culture?”, “Encourage open communication, collaboration, and mutual respect. Would you like strategies for improving team morale?”, Leadership, “What’s the current culture like within your team?”, Recognize and celebrate team milestones. Be approachable and open to feedback. Encourage team-building activities to strengthen relationships.
“How do I delegate tasks effectively as a leader?”, “Understand your team’s strengths and assign tasks based on their skills. Would you like help identifying the right tasks for each team member?”, Leadership, “What tasks do you struggle to delegate?”, Provide clear instructions and expectations. Trust your team members to complete tasks. Offer support, but allow autonomy in execution.
